candidate_id,matched_skills,missing_skills,match_score,cv_preview
128,"python, sql",,100.0,"INFORMATION DESIGNER Summary of Qualifications Strong leadership, project management, System Administration and technical skills to meet the efficiency and optimization needs. Has 3+ years of professional experience in managing, developing and maintaining software systems, web applications, and data"
1754,"python, sql",,100.0,"SOFTWARE ENGINEERING ANALYST Skills Programming Languages: C, SQL, Python, R, Tableau developer Tools: HP ALM Quality center, HP QTP, MS office, Trello- Project management tool, Streak CRM. Accomplishments Certifications: Coursera Introduction to interactive programming using Python,Rice University;"
1760,"python, sql",,100.0,"ENGINEERING AND QUALITY TECHNICIAN Career Overview A highly experienced skilled graduate with Analytics degree with a very good experience in SAS, Web scraping, SQL, Predictive modelling and data visualization. Excellent ability in identifying data requirements for analysis, data cleaning, munging a"
1347,"python, sql",,100.0,"Highlights Prog. Languages: C (5+ yrs), Python (3+ yrs), Java (3+ yrs), MATLAB (Simulink) (5+ yrs), R (2 yrs), Processing (2yrs), SQL(4+ yrs), PLC(2 yrs) Doc. Editing: Word/PPT/Excel, Pages/Numbers/Keynote, LATEX Mechanical Design: AutoCAD (6 yrs), Solidworks (5+ yrs) Mechanical Skills: MakerBot 3D "
1217,"python, sql",,100.0,"Pavithra Shetty Summary Customer-oriented Principal Consultant knowledgeable about developing and implementing successful business solutions that drive productivity and growth. Offering expertise in SQL, Data Visualization, Scripting language and more than 6 years of experience in the software indus"
1206,"python, sql",,100.0,"PRINCIPAL CONSULTANT Professional Summary Financial/Business Analyst with over fifteen years of experience in the financial sector. Proven problem solver specializing in operational workflow designing and streamlining. Deliverer of best practices as Subject Matter Expert in Front, Middle, and Back O"
1302,"python, sql",,100.0,"SENIOR DIGITAL MARKETING ANALYST Summary Highly analytical and process-oriented data analyst with in-depth knowledge of marketing project management, data manipulation and visualization. Furnish insights, analytics and business intelligence to advance opportunity identification, process reengineerin"
1338,"python, sql",,100.0,"DATA ANALYST Professional Summary Industrial and Systems Engineering graduate, certified Base SAS Programmer and a Lean Six Sigma Green Belt with strong background in statistics, mathematics and logical problem solving looking for a dynamic opportunity in data driven fields of analytics and statisti"
1693,"python, sql",,100.0,TEST ENGINEERING Profile I am seeking the challenging position with a technology company that will allow me to apply and enhance my skills of being Test Engineer to their fullest potential. Possessing over 10 years of experience in the electronics manufacturing and test engineering environment can b
1715,"python, sql",,100.0,"ENGINEERING INTERN Skills C++, Python, MATLAB, Git, Bash, R, SQL (basic). Experienced in Linux/Unix and using high performance computing clusters. Machine Learning Tools and Libraries: Scikit-learn, Pandas, Seaborn, matplotlib, TensorFlow (basic). (I built a XGBoost model that has 77.5% accuracy in "
1748,"python, sql",,100.0,"QA ENGINEERING MANAGER Professional Summary Seasoned Engineering Manager with ability to build and motivate high-performing engineering team with over 14+ years of experience in cards and payments industry, committed to rapidly and efficiently completing projects by leveraging team-based frameworks "
1171,"python, sql",,100.0,CONSULTANT Highlights TECHNOLOGY SKILLS Visual Basic * HTML * JavaScript * SQL * XML * Python * MVC * FileMaker * PHP * Advanced Excel * SiteCatalyst CORE COMPETENCIES Problem Solving * Relational Databases * Process Reengineering * Customer Relations * Staff Management Startups & Transitional Envir
661,"python, sql",,100.0,BUSINESS DEVELOPMENT EXECUTIVE Summary Process oriented Data Analyst and Delivery Lead with 5+ years proven track record of analyzing Business Intelligence to increase top line and bottom line of the business vertical. Reduced costs of manufacturing signaling systems by 10% and increased sales by 25
928,"python, sql",,100.0,"VP, PRINCIPAL Summary I am highly skilled,growth mindset IT professional having more than 20 years experience mostly in financial industry related with providing advanced data solutions using innovative database technology. Very innovative,creative, great problem solver and have achieved the highest"
925,"python, sql",,100.0,"SOFTWARE DEVELOPER Professional Summary Enthusiastic computer engineer eager to contribute to team success through hard work, attention to detail and excellent organizational skills. Technical professional with complete understanding of entire software development life cycle. Respectful self-motivat"
843,"python, sql",,100.0,"MECHANICAL DESIGN ENGINEER INTERN Summary Over 2 years of combined professional and educational experience in 3D Modelling and Product Design 1 year of hands-on experience in FEA, Stress Analysis, Numerical Modelling and Static / Dynamic Analysis Certified in Product Design / Analysis, Engineering M"
1151,"python, sql",,100.0,"IT CONSULTANT Career Overview Director of Information Technology More than two decades of sound IT leadership in areas including IT strategy and security; systems analysis, architecting, installation, integration and streamlining; software development and management; network design, administration a"
315,"python, sql",,100.0,"WORKING RF SYSTEMS ENGINEER Qualifications Microsoft office/Office for Mac, pages, numbers, keynote · RF/Microwave software: Ansoft Designer, AWR Microwave Office. · RF test instruments: Spectrum analyzer, Vector Network/Signal Analyzer, Logic Analyzer, etc. · Programming language: C/C++, Python, Ja"
291,"python, sql",,100.0,"EA INFORMATION TECHNOLOGY SPECIALIST III (DRUPAL DEV) Summary Drupal developer with five years of experience in site building, and frontend and backend development. Skills in theming, as well. Driven to provide excellent service and high-quality coding to create secure and functional sites for clien"
267,"python, sql",,100.0,"DIRECTOR OF INFORMATION TECHNOLOGY Professional Summary Dynamic Information Technology Manager with 13 years of IT leadership experience including oversight of infrastructure, application support and cybersecurity services. Dedicated to customer satisfaction with focused delivery of technical soluti"
2393,"python, sql",,100.0,"SOFTWARE ENGINEERING CO-OP Summary Highly skilled and Accomplished computer software specialist with more than 7+ years of technical experience in programming development across multiple platforms, software design, development and integration. Advanced knowledge of MySQL, CSS, C++ with expertise in "
1730,"python, sql",,100.0,"ENGINEERING INTERN Personal Summary Age -22 years Permanenet Residency of Australia and New Zealand Citizen ​Currently Living in Sydney Australia . Knowledge Base C/Python R STK CATIA ANSYS LaTeX SolidWorks Microsoft Office Microsoft Project Academic Background High School Diploma , MATHEMATICS,PHYS"
1797,"python, sql",,100.0,ENGINEERING OPERATIONS DIRECTOR Executive Profile Senior Software Executive Senior Software Executive who is a key contributor to strategic planning and product development. Highly skilled at creating and implementing key software improvements and process changes by uncovering major process limitati
2151,"python, sql",,100.0,"CORPORATE BANKING ASSISTANT, INTERN Objective Dynamic and self-motivated Financial Data Analyst with diverse expertise in programming, mathematics and finance. Has extensive experience of assisting in the development and upgrading of database systems and analytical techniques. A quick learner who ca"
242,sql,python,50.0,ADMINISTRATOR OF INFORMATION TECHNOLOGY Summary Advanced Desktop Support Lead/Manager with 14 plus years of experience in the Information Technology field providing Tier II - III technical support. I have demonstrated highly advanced troubleshooting techniques in resolving end-user issues with swift
241,sql,python,50.0,"INFORMATION TECHNOLOGY MANAGER Professional Summary Possesses an extensive background in Information Technology Management, along with a Masters of Science degree and multiple certifications. Excels in planning, implementing, and evaluating the systems, infrastructure, and staffing necessary to exec"
239,sql,python,50.0,"VP OF INFORMATION TECHNOLOGY Executive Profile A results oriented technology leader with over 18 years of IT experience, 8 years of supervisory experience. Passionate about collaborating with key stakeholders to develop information technology vision and strategy by effectively building organization,"
227,sql,python,50.0,"INFORMATION TECHNOLOGY MANAGER Experience Information Technology Manager April 2007 to Current Company Name － City , State Annual budget planning for department, network administration, implementation of new technology, developed company applications, daily backups and technical support for 80 users"
224,sql,python,50.0,"DIRECTOR OF INFORMATION TECHNOLOGY Career Overview Seeking a position as a Director of I.T. in a company where I am able to utilize my experience and training in networking, troubleshooting, and customer relations. Qualifications Networking - Nexus 7K, UCS, UCCX, Cisco Call Manager, Cisco Unity, Cis"
223,sql,python,50.0,"INFORMATION TECHNOLOGY AUDITOR Skills PeopleSoft HCM 8.8/9.x, PeopleSoft Financials 8.8/9.x, PeopleTools 8.51/ 8.54, SQL Developer, MS Office, Visio, MS Project, Dell Stat 5.6/5.7, SQL Developer, Application Designer, Putty, SharePoint, HP Application Lifecycle Management, Oracle Enterprise Manager,"
182,sql,python,50.0,"LEAD INTERACTION DESIGNER Summary Senior UX/UI Designer Profile: Tim has been involved in user centered design for over 20 years, with a focus on human factors and usability. He has worked on a wide variety of projects focusing on improvement of functionality and performance. He is an expert with He"
163,sql,python,50.0,"LEAD DESIGNER Career Focus An professional with experience in dealing with the optimization of complex processes or systems as well as providing steel framing solutions to residential and commercial applications.Dedicated engineer with excellent technical, analytical and communication skills demonst"
126,python,sql,50.0,"PRODUCT DESIGNER Professional Summary 4-5 years engineering experience and 1-2 years working experience. Able to work independently and under pressure, detail oriented, excellent problem solver, Innovator. Efficient Mechanical Engineer leveraging a strong technical background in bringing products fr"
124,sql,python,50.0,"TECHNICAL DESIGNER Career Overview ● Having 8.5 years of IT experience as Software developer in Java/J2EE Technologies ● At present Technical Designer at Tata Consultancy Services ● Knowledge in working with Designing, Coding and Unit Testing, Coding : Spring 3, jQuery, Bootstrap, JPA, Struts, Core "
120,sql,python,50.0,"WEBSITE DESIGNER Summary Software developer well-versed in the entire workflow for developing and implementing websites, including: consulting with the customer, designing mock-ups, programming the site, and incorporating customer feedback. Skills Visual Studio.Net ASP, ASP.Net MVC 4.0 Visual Basic."
117,sql,python,50.0,"GRAPHIC DESIGNER Summary Enthusiastic student majoring in Chemistry; great at performing many task in a timely matter and as efficient as possible. Strong background in computer tasks and data analysis as well as business management. Highlights General Chemistry and Organic Basic HTML coding, Micros"
91,sql,python,50.0,"VOLUNTEER HR -IVOLUNTEER Summary Sponsorship not required to work in the US A successful Human Resources Professional, with a Masters qualification in Human Resources and experience in a challenging environment Key skill sets include Recruitment - Recruitment efforts, scheduling, posting positions, "
116,sql,python,50.0,E-LEARNING DESIGNER Career Overview Highly skilled and experienced educator with a strong background in information technology. Adept at addressing the needs of a variety of learners and administrators. Strongly knowledgeable about all approaches to distance learning. Qualifications Vast experience 
41,sql,python,50.0,HR EXECUTIVE Professional Summary Forward-thinking HR Generalist highly effective at adapting to evolving market plans and the needs associated with company expansion. Skills New employee orientations Compensation and benefits Termination procedures In-depth knowledge of HR Compliance Project manage
231,sql,python,50.0,"INFORMATION TECHNOLOGY MANAGER Summary Successful fifteen years of experience in IT Management and Technical Support. Skilled in installation, configuration, migration and implementation of server platforms. Dedicated IT Manager well-versed in analyzing and mitigating risk and finding cost-effective"
230,sql,python,50.0,"EXPERIENCED INFORMATION TECHNOLOGY MANAGER Experience Experienced Information Technology Manager Highly accomplished professional with over 10 years of experience in a variety of management areas. Astute in identifying operational business needs, turning needs into requirements, and producing suppor"
229,sql,python,50.0,INFORMATION TECHNOLOGY MANAGER Qualifications Strong communication skills Web application design Working independently HTML Leadership Adobe Acrobat Professional IT Governance Adobe Photoshop Requirements gathering Adobe Dreamweaver Software Development Life Cycle Windows Server 2008 principles (SDL
228,sql,python,50.0,"DIRECTOR OF INFORMATION TECHNOLOGY Professional Profile Senior Project Management Position Senior Project Manager with over 25 years of diverse experience including health care, private sector, local and state government and aerospace/defense contracting. Successful management of fast-paced private "
297,sql,python,50.0,"INFORMATION TECHNOLOGY INTERN (TEST AUTOMATION ENGINEER) Summary Over 3 years of experience serving as a key contributor across all software development life cycle phases including analysis, architectural design, prototyping, development, and testing of application using Java/J2EE technologies in va"
296,sql,python,50.0,"INFORMATION TECHNOLOGY SPECIALIST INFORMATION SECURITY OFFICER Profile blah, blah Core Qualifications Oracle Certified Professional (OCP), versions 8.0, 8i, 9i, 10g, 11g Certified Information Systems Security Professional (CISSP) (ISC)2 Certified Information Security Manager (CISM) ISACA UNIX/LINUX "
276,sql,python,50.0,"INFORMATION TECHNOLOGY SPECIALIST Summary Highly skilled and results-oriented IT specialist with extensive experience in Software Development, Software Configuration Management, Project Management, System Planning & Specification Development, CMMI5, Quality Assurance and Testing. Highlights Process "
274,sql,python,50.0,SENIOR INFORMATION TECHNOLOGY MANAGER Executive Summary Results-focused Information Technology management professional offering Twenty-Two years of progressive leadership experience. Transforms high-potential staff into outstanding leaders who demonstrate the creativity and savvy that is critical to
250,sql,python,50.0,"SENIOR DIRECTOR, INFORMATION TECHNOLOGY Executive Profile A distinguish Director of Information technology with expertise in diverse range of industries within multiple industries settings globally. Demonstrated success in Network design and management, Enterprise Resource Planning implementation an"
257,sql,python,50.0,"INFORMATION TECHNOLOGY CONSULTANT Highlights Software: MS Word, Outlook, PowerPoint, Excel, Access, CRM, Adobe Acrobat XI Professional, Snag-ItTM, Hot Docs (legal document generation software), MS Windows XP/Vista/7/8, MS Windows Server 2000/2003. Hardware: Build, repair and upgrade desktop computer"
263,sql,python,50.0,"INFORMATION TECHNOLOGY SPECIALIST Summary An organized DBA professional with over 6years hands-on experience supporting Oracle databases, Sql Server databases and AWS infrastructure. Equipped with excellent communication and interpersonal skills; a highly organized individual and team player who pos"
272,sql,python,50.0,INFORMATION TECHNOLOGY MANAGER Summary Dedicated IT Manager well-versed in analyzing and mitigating risk and finding cost-effective solutions. Excels at boosting performance and productivity by establishing realistic goals and enforcing deadlines. Highlights Operations management Project tracking Pe
243,sql,python,50.0,DIRECTOR OF INFORMATION TECHNOLOGY Profile SUMMAR Y Applying technology and workflow solutions to business challenges is exciting for me because I love to learn and apply new lessons and approaches to support and enhance the organization to achieve its goals and mission. Core Qualifications C# Oracl
471,sql,python,50.0,SENIOR CLIENT ADVOCATE II Accomplishments Earned the Workgroup for Electronic Data Interchange (WEDI) Award of Merit 2 years in a row for educating the health care industry on electronic claims attachments. Affiliations. Health Level Seven (Standards Developing Organization) knowledge of V2 messages
326,sql,python,50.0,"IT DIRECTOR Accomplishments CXA- 206-1 | Citrix XenApp 6.5 Basic Administration; IT Security Essentials; Spiceworks 101: Foundations & Lab Introduction to SQL Military UA Army, Ukraine Senior Sergeant. Experience IT Director August 2015 to Current Company Name － City , State Formulate and deploy lon"
324,sql,python,50.0,"IT MANAGER Summary Ten years of management experience with a focus on team building and project management. Ten years of experience as a network engineer and systems administrator. The majority of my experience has been working with Microsoft, Dell, HP, IBM, Symantec, McAfee, Trend Micro and Cisco h"
319,sql,python,50.0,"ASP.NET WEB DEVELOPER Accomplishments Won Associate of the Month award at CYIENT Member of the team which won the Team of the Month award for projects such as DEBTS and eRFA Experience April 2015 to Current Company Name City , State ASP.Net Web Developer Responsibilities: Migration of IU Print websi"
318,sql,python,50.0,ADJUNCT INSTRUCTOR Skill Highlights Quality Engineering Process Improvement Acceptance Testing Strategic Planning Organizational Development Requirement Assessment Coaching & Mentoring Business Intelligence SDLC People Management Team Building Data Analysis Oracle SQL/MS Access Progress RDB Power Po
316,sql,python,50.0,"BUSINESS SYSTEMS ANALYST I Qualifications TECHNICAL SKILLS: Business Applications: SAP Web Intelligence, Informatica Data Explorer, MS Visio, MS Project, Rational Rose, Business Objects Languages: SQL, UML,C, C++ , Core Java , Perl Web Development: HTML, XML, PHP Operating Systems: Windows XP/Vista/"
687,sql,python,50.0,HIGHLY ACCOMPLISHED HEALTHCARE ANALYST Professional Summary Financial Expert providing strategies to improve Revenue Cycle Management in Healthcare A top-performing Systems Analyst with a proven track record of expanding revenue and customer satisfaction in Healthcare. Expert at identifying and anal
547,sql,python,50.0,"LEVEL 2 CRITICAL PLATFORM SUPPORT ENGINEER Career Overview Over 7+ years of IT experience specializing in CLOUD/Aix/LINUX/Solaris and WINDOWS Administration in Production Support of various systems on AIX 5, 6.1, Linux (RedHat and SUSE). Strong background knowledge of Networking concepts and experie"
773,sql,python,50.0,"SR. PROJECT MANAGER Profile Information Technology Professional with a diverse background and 10+ years of progressive experience as an: experienced IT professional consistently delivering exceptional vendor solutions, third party development resources, project resources and program management resul"
737,sql,python,50.0,"PROJECT MANAGER Professional Summary Accomplished Information technology professional with 20 years of experience in the software development life cycle (SDLC) with focus on application analysis and design, application development, systems testing, and systems integration. Certified as a Project Man"
706,sql,python,50.0,"PLATFORM ARCHITECT, HEALTHCARE INCUBATION LAB (HIL) Summary A driven technology professional with software architecture and development background and a passion for Agile methodologies. I enjoy designing and developing platforms consisting of web applications and services that help businesses innova"
985,sql,python,50.0,NOC ENGINEER Summary To work for professional organization that gives an opportunity for growth and to contribute value based management talent along with the seeking guidance from proficient seniors to help me sharpen my skills. To be a part of the team that works in dynamically challenging environ
986,sql,python,50.0,TEST ANALYST-INTERN/CONTRACTOR Profile 3+ years of professional experience in Software Testing. Experience in working with Agile Software Development. Strong scripting skills with good expereince in test automation. Expertise in Manual and Automation testing of various web and mobile- based applicat
1090,sql,python,50.0,"SALES ENGINEER Summary I am currently looking to advance my career in a position that offers a greater challenge, and the opportunity to enhance the company's productivity and reputation. With my educational background and the experience which I have gained in my previous position, I can effectively"
560,sql,python,50.0,"BUSINESS DEVELOPMENT Career Overview Detail-oriented professional with a business mindset and an extensive operational background obtained through diverse industry experience in banking, loss prevention, health and wellness, and retail offering innovative methods of efficiency meant to benefit indiv"
583,python,sql,50.0,"BUSINESS DEVELOPMENT MANAGER Summary With 11 years of diverse managerial and marketing experience penetrating in domestic and international markets including Manufacturing, Engineering, Food and IT, I have honed my communication and marketing research abilities to gauge demand for products and explo"
1112,sql,python,50.0,"CONSULTANT Professional Summary High-achieving management professional and effective consultant possessing excellent communication, organizational and analytical capabilities with about 4 years of experience in devising innovative strategies and solutions to resolve complex business challenges. Adep"
1110,sql,python,50.0,"IT CONSULTANT Summary Over Seven years of Software Application Development, Application Support, Testing and Implementation experience with Web based and N-tier Architectures involving all stages of Software Development Life Cycle (SDLC). Experience in developing Web applications in . SDLC) includin"
299,sql,python,50.0,VICE PRESIDENT INFORMATION TECHNOLOGY - SOFTWARE ENGINEERING Professional Summary A results-driven and business minded technology leader with 20+ years of experience in technology and software development. A professional who is passionate about developing people and teams to reach their greatest pot
298,python,sql,50.0,"INFORMATION TECHNOLOGY AND AWS ADMIN INTERN Experience Information Technology and AWS Admin Intern , 04/2019 Company Name – City , State Researched and implemented a secure cloud infrastructure for migrating the financial data into AWS with seamless integration for company's financial department. Ac"
302,sql,python,50.0,"MANAGER, INFORMATION TECHNOLOGY PROJECT MANAGEMENT OFFICE Professional Summary Highly motivated and driven Manager of the Project Management Office (PMO) . Currently seeking potential opportunities to continue to help other organizations realize and reap benefits of formal PMO methodology. Passionat"
303,sql,python,50.0,"INFORMATION TECHNOLOGY PROJECT MANAGER SYSTEM ANALYSIS (SYSANALSYS) [GS-2210-12] Professional Overview Highly-qualified Department of Defense (DoD) Program Manager (PM) professional, driven to maximize Mission Partner (MP) operational efficiency through planning, project management and Infrastructur"
309,sql,python,50.0,DATABASE PROGRAMMER/ANALYST (.NET DEVELOPER) Summary Software Engineer with 2 years in Web Developer specializing in front end development. Proficient in Software Development Life Cycle (SDLC) and SCRUM AGILE methodologies of development process to produce software solutions by team. Involved in des
301,sql,python,50.0,DIRECTOR OF INFORMATION TECHNOLOGY AND ANALYTICS Summary Accomplished senior manager with over 15 years of experience leading complex projects and managing resources to optimize enterprise technology and support business objectives. Committed to quality and service excellence with aptitude for launc
310,sql,python,50.0,"CONSULTANT Experience Consultant , 05/2017 to Current Company Name – City , State Managed project schedule and local and remote staff to collect Water Main data and update GIS system. Develop business process and productivity reports to manage field book scanning project and Water Main data collecti"
311,sql,python,50.0,DATABASE PROGRAMMER/ANALYST (.NET DEVELOPER) Summary Software Engineer with 2 years in Web Developer specializing in front end development. Proficient in Software Development Life Cycle (SDLC) and SRUM AGILE methodologies of development process to produce software solutions by team. Involved in desi
280,sql,python,50.0,"INFORMATION TECHNOLOGY COORDINATOR Professional Profile B.S. graduate with a record of success implementing IT solutions. Demonstrated commitment to quality and customer service, detail oriented, strong team player, self motivated, demonstrated exceptional analytical skills, proven ability to work e"
278,sql,python,50.0,"INFORMATION TECHNOLOGY MANAGER Summary Experienced Information Technology Manager committed to maintaining innovative technical skills and up-to-date industry knowledge. My excellent problem solving skills, diagnostic ability and communication skills are assets that allow me to excel and adapt to vi"
281,sql,python,50.0,"INFORMATION TECHNOLOGY CONSULTANT Career Overview Accomplished information technology professional with over 18 years of diverse technology, process analysis, project management, and information management experience. Proven ability to successfully implement technology solutions, stay within time an"
289,sql,python,50.0,"INFORMATION TECHNOLOGY SPECIALIST (WEB), GS-11 Career Overview Objective IT Specialist, GS-2210-9 (CUSTSPT) NOC Merit-2016-0031 Experienced Systems Analyst with diverse industry experience in government, maritime, forestry, research and development. Professional expertise includes systems applicatio"
290,sql,python,50.0,"INFORMATION TECHNOLOGY BUREAU DEPUTY DIRECTOR Professional Summary Senior Information Technology Professional with more than fifteen years of experience directing and managing large and complex IT Operations and Data Center. Resourceful thinker, methodical problem solver, and analytical in all facet"
247,sql,python,50.0,"INFORMATION TECHNOLOGY COORDINATOR Career Overview AVP / Director of Information Technology I Network Engineer with extensive experience. Strengths - excellent communication skills, strong problem solving skills. Sound work ethic, capable of working independently or in a team environment. Highly pro"
1179,sql,python,50.0,"CONSULTANT Career Overview More than 6 years of experience in Manufacturing & Distributions environments, including 4 years in Oracle manufacturing and Distributions applications. Implemented 5 full cycle oracle implementation projects, Experienced in customizing, developing and configuring Oracle A"
1178,sql,python,50.0,"CONSULTANT Summary In-depth knowledge and understanding of numerous software packages and operating systems. Skilled in Database Administrator, Network Administration, Web developer. Providing Customer and End-User Help Desk Support. Easily identify and resolve technical issues and concerns. Excelle"
1170,sql,python,50.0,"CONSULTANT Core Qualifications SKILLS AND ACTIVITIES Volunteer English Teacher for ""Teach India""; Challenge for Charity; SQL, SPSS, Tableau, MS Excel, Power Point. Accomplishments Evert McCabe Fellowship, Rick and Marilyn Wong Scholarship, Business Technology Club Board member Owned development, tes"
1166,sql,python,50.0,"CONSULTANT Summary I am an experienced Program Manager, delivering enterprise-grade on-premises and SaaS products at Microsoft while being customer obsessed. I was previously an Enterprise Desktop Architect at multiple large companies, both as an employee and in a consulting capacity. I have a prove"
1152,sql,python,50.0,"IT CONSULTANT Professional Summary Support Engineer with Public Trust Clearance and 10 years of Information Technology experience in installing, maintaining, and repairing hardware, software, and networks. Work well independently, or in a group setting providing all facets of server, computer and ne"
1160,sql,python,50.0,"CONSULTANT Summary Accomplished Senior Business Systems Analyst with over 10 years of business process, project management, and technology experience for fortune 500 companies. Recognized success in driving projects of the highest level of complexity, critical business value, and corporate visibilit"
1137,sql,python,50.0,"CONSULTANT Profile A highly accomplished, skilled and talented Consulting manager with a thorough understanding of the Software development Life Cycle and a proven track record of successfully providing overall direction to project teams and managing client relationship. Professional Experience Cons"
1146,sql,python,50.0,"CONSULTANT Qualifications I am a senior IT infrastructure specialist and have 7 years of OEM administration and 6 years of DBA administration. I have Masters in Computer Applications (MCA) and a seasoned technical specialist providing business infrastructure solutions, services and support, accordin"
1126,sql,python,50.0,"CONSULTANT Summary Master's degree in Computer Science with twenty-five years of experience designing, implementing, and maintaining computer programs, architectures, and operating systems. Expert in C, C++, Java, SQL and with web based applications. Over ten years' experience teaching as adjunct or"
1123,sql,python,50.0,"CONSULTANT Career Overview Vidya is a Graduate in Computer Science with over 9 years of professional experience in Customer Relationship Management in roles of Solution Architect, Functional Analyst, Process and Implementation Consultant for large customers in Pharmaceutical & Chemical, Consumer and"
1136,sql,python,50.0,CONSULTANT Professional Profile Consultant/System Engineer with 6 years in HealthCare IT. Primary focus has been on Linux with a recent emphasis on Regulatory Consulting and Transition of Care. Experienced in training and development of associates along with development of documentation. Qualificati
1130,sql,python,50.0,"CONSULTANT Summary Transition from an Application Developer and secure a position as a Business Analyst or Technical liaison with a company that can fully utilize my education and experience, while offering upward growth and opportunity. Skills Microsoft .Net Visual Basic and C# Blaze Advisor .net R"
1116,sql,python,50.0,"IT CONSULTANT Career Overview Network administration veteran with extensive experience building, improving, supporting and architecting ASP-type infrastructures. Qualifications Windows Server 2000-2012, Active Directory, Windows Desktop O.S. 7 - 10, Exchange Server 2010-2013/VMWare vSphere (ESXI), A"
1114,sql,python,50.0,CONSULTANT Core Qualifications Ganesh Seetharaman is a senior IT infrastructure specialist and Ganesh has just finished an international project for a client and is looking for a role specializing in the Solutions management. He has a Masters in Computer Applications (MCA) and is a seasoned technica
1233,sql,python,50.0,"SPRINT ISP MANAGEMENT TO THE VENDOR Qualifications Windows 95-XP-Windows 7/8.8,1/10 Windows NT/2000/2003/2008/2012 Red Hat (limited) Ubuntu (limited) VIRTUALIZATION TECHNOLOGY: ESX/ESXi 3.5-5.5 MS Hyperv 2005-2008 SECURITY SYSTEMS/LOAD BALANCERS: Brocade SSL Load Balancer F5 BigIP AFT/LTM Load Balan"
1213,sql,python,50.0,"WMS CONSULTANT Objective Looking for the position of a supply chain consultant, where I can optimize a company's business, by providing supply chain solutions and building an efficient customer relationship. Summary of Skills Strong understanding of supply chain principles with an expertise in wareh"
1322,sql,python,50.0,"DATASTAGE ETL DEVELOPER Summary I have 6 years of ETL experience and extensive experience in business and system analysis across multiple platforms using the full software development life cycle. I have worked in the role of Data Warehouse Specialist,ETL Datastage developer and Production Support An"
1315,sql,python,50.0,"DIGITAL ADVERTISING CONSULTANT Experience Digital Advertising Consultant , 07/2013 to 12/2017 Company Name – City , State Responsible for negotiation and execution of programmatic and direct buys and handle the day- to-day campaign operations across multiple DSPs and other partners. Responsible for "
1250,sql,python,50.0,SOFTWARE ENGINEER Summary Accomplished development professional with over ten years of experience in integrating IT Operations processes with sustainable customized applications to promote team performance and efficiency gains. An apt student in programming and markup languages matching multiple tec
1277,sql,python,50.0,"DIGITAL MARKETING MANAGER Summary Creative manager with a proven record of driving revenue gains and brand awareness through digital marketing and social media. For example - increased website traffic an average 43% across 15 clients via email nurturing, social media campaigns, and strategic landing"
1237,sql,python,50.0,"DIRECTOR IT CLIENT SERVICES FILMS & OPERATIONS AND TECHNICAL SERVICES WEST COAST Executive Profile I have over 20 years of experience in Information Technology spanning from Entertainment, Internet, Healthcare, Automotive, and Banking Industries. I managed staff in each of these industries doing eve"
1355,sql,python,50.0,"SENIOR ARCHITECT - MDM Professional Profile Seasoned MDM Architect with more than 11+ years in the IT industry. Creative thinker who creates visually appealing, exciting and inspiring designs. Extensive experience in software development, leading, MDM solutions architecture and managing projects in "
1486,sql,python,50.0,"FINANCE CONTROLLER Summary Hands on Controller with over 12 years of experience in financial accounting and management, acknowledged for sound decision-making abilities, analytical skills, business acuity and problem solving skills. Strategic, methodical and reliable, enjoy the challenge of resolvin"
1516,sql,python,50.0,"FINANCE MANAGER Summary Pro-active, results-oriented, deadline driven with broad experience in all aspects of accounting and financial management. Solid planning and organizational skills in coordinating all aspects of each project from inception through completion. Sees the big picture and plans ap"
1691,python,sql,50.0,"ENGINEERING INTERN Professional Summary A Computer Science junior at Lynchburg College with the understanding and problem solving to work my way through any situation. Using the life skills I learned while I attained my Eagle Scout rank, the highest in boy scouts and only given to a very small perce"
1639,sql,python,50.0,BUSINESS SOLUTION PROJECT MANAGER Skills PLM (PTC and Enovia); SQL; Crystal Reports; Google Analytics; JIRA; HPQC; QlikView; Cognos; Advanced Microsoft Access; Advanced Excel; SAS; Power Point; SharePoint; Visio; MicroStrategy; ASPEN; Microsoft Project; JCL; Jobtrac; TSO; CA7; Tivoli; Maestro; Telne
1541,sql,python,50.0,"PHD CANDIDATE IN FINANCE Summary Self driven and highly motivated with several years of experience in Quantitative Research including quantitative modeling, econometric analysis, statistical analysis, model development, large data analysis. My work, both in Finance and Engineering has been based on "
1194,sql,python,50.0,CONSULTANT Summary 7 years of professional IT experience with Masters degree in computer applications; worked mainly with Java (JEE) programming languages. Passionate about Clean code programming skills and Emergent design techniques. Hands on experience with Test-driven development (TDD) and Behavi
1189,sql,python,50.0,"IT CONSULTANT Professional Summary Self-motivated, detail oriented Senior Computer/Network Technician with 20 years experience in Oil and Gas corporate network and service environments. Windows Server 2000, 2003, 2008 R2, Cisco, Active directory Administrator and network Administrator with proven tr"
1186,sql,python,50.0,"IT CONSULTANT Professional Profile Accomplished Senior IT Engineer with demonstrated ability to analyze business requirements and create effective technical solutions applicable to diverse industries. Serves as strategic partner to senior management, identifying business requirements, aligning IT as"
1183,sql,python,50.0,IT CONSULTANT Professional Summary Talented IT professional specializing in leading high-performing and multi-disciplinary teams from product development through successful product launches. Accustomed to managing multiple projects and priorities in fast-paced environments. Skills Database design Ex
1184,sql,python,50.0,CONSULTANT Summary Results-oriented California CPA who adapts seamlessly to constantly evolving accounting processes and technology. Capable at managing multiple projects and consistently meeting deadlines under pressure. Extensive knowledge of accounting software and processes. Skills Complex probl
1740,sql,python,50.0,"SOFTWARE ENGINEERING MANAGER Summary Multifaceted technical career with 15+ years' track record of innovation and success. Accomplished, enthusiastic, and driven Software Engineer with a solid history of effective systems engineering in Client/Server/ Web / Enterprise software and SaaS / SOA develop"
1731,python,sql,50.0,"ENGINEERING MANAGER Summary Versatile bilingual Electronics and Instrumentation Engineer with multi industry experience of + 9 years demonstrated ability to lead an engineering team, and handle multiple projects from conceptualization through fabrication with high accuracy and in a timely manner. Hi"
1712,sql,python,50.0,MANAGER ENGINEERING MANUFACTURING SYSTEMS ENGINEERING MANAGER Summary Personable Engineering Manager successful at building strong cross sector professional relationships. Manages large and complex projects for the heritage ES now MS sector while maintaining high team morale and energy. Skilled ment
1722,sql,python,50.0,"ENGINEERING TECH Summary Dedicated team player with extensive knowledge of electrical engineering concepts and a creative aptitude for new product development. Highlights Seasoned Lab Expert : 12 years SEM,EDX, DIB and high precision laboratory skills including X-Ray Analysis, Gas Chromatography equ"
1539,sql,python,50.0,DIRECTOR FINANCE AND FP&A Executive Profile I'm a senior finance leader who thrives when working closely with the executive team in removing obstacles to directing the company beyond targeted growth. Early in my career I learned the value of looking beyond how things are currently done in order to c
1776,python,sql,50.0,"CORPORATE ENGINEERING SUPPORT TECHNICIAN Summary TECHNICAL SUPPORT ENGINEER Technical Support Telecom Support Networking Support Software/PC/LAN Troubleshooting Accomplished in Technical Support with 4 years of experience troubleshooting and maintaining user applications, workstations, and accounts "
1765,sql,python,50.0,"ENGINEERING SYSTEMS INSTALLER Summary Seasoned Information Technology professional with over 7 plus years of experience working in various industries. Excellent knowledge on computer hardware, software, peripherals, central processing units, network administration, servers, network routers, Microsof"
1757,sql,python,50.0,"MECHANICAL ENGINEERING TUTOR Summary Driven and a self-motivated Mechanical Engineer with experience teaching Mechanical Engineering courses to undergraduate students. Seeking opportunities to use those concepts in the field of Construction and Management. Highlights Microsoft Office (Word, Excel, P"
1783,sql,python,50.0,"CORPORATE PROCESS/SYSTEMS ENGINEERING MANAGER Executive Summary High-energy Engineering Manager driven to cut company costs and boost company revenue through innovative management techniques. Organized and diligent, with excellent written, oral and interpersonal communication skills. Results-focused"
1787,sql,python,50.0,ENGINEERING TEAM LEAD Career Overview Engineering Team Lead with years of experience working at every level and stage of the software development life-cycle. Independently motivated to discover new techniques through self evaluation and improvement. Qualified in coaching individuals and teams on Agi
1792,sql,python,50.0,"ENGINEERING LAB TECHNICIAN Summary To obtain a position in my field of Electronics with a company that offers opportunities for advancement based on strong technical skills and work performance. Skills Construct, test and troubleshoot AC/DC circuits Determine voltage, current, resistance and power b"
1796,sql,python,50.0,"SENIOR ENGINEERING MANAGER Summary Personable, patient and adaptable Math tutor with 3 years of experience tutoring K-12 and college students in Mathematics. Highly reliable and approachable person with 8 years of professional experience in people management, leadership, documentation, multi-tasking"
1800,sql,python,50.0,QA ENGINEERING TEAM LEAD Career Overview Eight years of progressive technical experience in quality assurance engineering of computer software in windows environment Strong practical and theoretical knowledge of software quality assurance tools and techniques. Proven ability to develop system test s
1801,sql,python,50.0,INDUSTRIAL ENGINEERING INTERN Profile Outstanding productivity as high potential project supervisor and design engineer. Solid analytic and communication skills to resolve complex problems quickly and efficiently. Dynamic team leader with front-line experience in motivating team workers towards achi
1782,sql,python,50.0,CLINICAL ENGINEERING MANAGER Summary A accomplished clinical engineering manager with more than 12 years of training and experience I lead clinical engineering directives to provide superior customer service and operational efficiency. I have a proven track record managing the execution of the medic
1764,python,sql,50.0,"INDUSTRIAL ENGINEERING INTERN Summary Seeking for full time position where I can apply my technical knowledge & skills for continuous improvement. I have 26 months of experience in Lean Manufacturing, Production Planning and Supply Chain Management. Excellent computer and analytical skills. Highligh"
1876,sql,python,50.0,"STAFF ACCOUNTANT Professional Profile To advance in professional and personal experiences within Finance, Tax Accounting and Management To obtain a Staff Accountant position that will enable me to perform my best using my mathematical, numerical, accounting and analytical ability for the betterment "
1854,sql,python,50.0,"ACCOUNTANT Executive Profile Capable Accountant successful at managing multiple projects and consistently meeting deadlines under pressure. Extensive knowledge of accounting software and processes. Team-oriented who prepares clear, comprehensive financial reports for executive-level management. Dyna"
1959,sql,python,50.0,"SR. ESTIMATOR-BAS CONSTRUCTION SALES Summary 9+ years of professional working experience in energy solution consulting and performance contracting, HVAC estimating & designing in buildings & industrial sector. Experience of 3 years in project development, presenting and managing the implementation o"
1930,sql,python,50.0,CONSTRUCTION WORKER Objective WEB DEVELOPER Recent graduate and highly motivated 15 year veteran of the construction industry looking to build a new career in the web development field. Passionate about taking a vision and making it a reality. Seeking an entry level position with a respected company
2182,sql,python,50.0,"SOFTWARE ENGINEER Qualifications C# 3.0, PL/SQL, JavaScript, HTML 4, CSS 2 Framework: .NET 3.5 Database: SQL Server 2008, Oracle 9i Operating systems: Windows 98/XP, Windows server 2000/2005, UNIX Tools/Services: TOAD, HP Service Manager, WinSCP, PuTTY, PM Smart, vi text editor, Visual SourceSafe an"
2188,sql,python,50.0,"QA TEST ANALYST Profile Seeking a position as Manual Software Quality Assurance Analyst 4+ years experience as a Quality Assurance Analyst dealing with various levels of testing such as Functional, Regression, System, User Acceptance, Performance testing and Smoke testing. Experience testing applica"
2189,sql,python,50.0,"PROJECT MANAGER AND TECHNICAL IMPLEMENTATION Career Overview Contribute my knowledge to the institution, willing to learn new skills and take on new challenges in it. Ensuring commitment, efficiency and quality in the roles assigned to contribute to the achievement of strategic objectives outlined b"
2169,python,sql,50.0,"INVESTMENT BANKING SUMMER ANALYST Skills Java, C+, Python, App development Experience INVESTMENT BANKING SUMMER ANALYST May 2013 to August 2013 Company Name － City , State Advised on $1.2B sell-side M&A deal, completed buy-side M&A screen, and contributed to 11 total project teams Drove financial an"
2197,sql,python,50.0,"MANAGER Experience Manager , 11/2013 to Current Company Name – City , State Manage a large global team of up to 50 Managers, Technical Leads and Software Developers across a portfolio of 25 LOB applications. My responsibilities include:. Vendor management, RFPs, vendor selection, scope based contrac"
2200,sql,python,50.0,"SOFTWARE QUALITY ASSURANCE ANALYST II Career Overview 12 years of experience in Software Quality Assurance requirements analysis, test planning, creating test cases, and test process coordination Experienced with functional, end to end, regression and user acceptance testing of Web based and Client "
2218,sql,python,50.0,"TERADATA SENIOR ASSOCIATE CONSULTANT Summary Highly dependable Teradata Database Engineer successful at troubleshooting and debugging. Supportive and enthusiastic team player dedicated to streamlining processes and efficiently resolving project issues. Highlights Teradata BTEQ,Fast Load,PL/SQL Oracl"
2209,sql,python,50.0,"BUSINESS ANALYST SR. TECHNICAL BUSINESS ANALYST Highlights C, C++, core java Back Ends : Oracle 9i, 10g, 11gRII,MS SQL Server-2005,IBM DB2 Computer Tech. : UML Web Designing : HTML, XML Operating Systems : Windows 9X/XP/2000/2003 Server, Linux Red hat 5, SUSE 11 Development Tools : Rational Rose, MS"
2223,sql,python,50.0,"MANAGER, ADVISORY, PERFORMANCE IMPROVEMENT Career Overview Experienced Solution Architect and System z Mainframe Technology Evangelist with over 12 years of IT industry experience focusing on large Banking & Financial Services and Government clients across ASEAN region. Proven record of constantly d"
2240,sql,python,50.0,"ASSOCIATE CONSULTANT Professional Summary 7+ years of experience in Analysis, Design, Coding, Testing, Database Administrator & Production Support of application software in Mainframe platform. Having working Domain experience in the areas of Banking, Financial, Warehouse, Legacy System. Extensive h"
2401,python,sql,50.0,"GRADUATE ENGINEER Summary Intellectually curious and resourceful *Great interpersonal skills and ability to communicate effectively at all levels within an organization Experience 03/2014 to Current Graduate Engineer Company Name － City , State Developed conceptual plans for two intersections near J"
2455,sql,python,50.0,"JAVA INTERN Career Overview Developer well-versed in structuring, developing and implementing interactive websites. with experience in back-end programming, relational databases and performance testing SAN. Education May 2015 Wichita State University － City , State Master of Science Computer Science"
