id,source,job_title,name,summary,skills,experience,education,full_text
resume_1,resume.com,Software Engineer,Unspecified Dog,"Innovative, work-driven computer scientist with 6 years of","Calculus, Communication Skills, Deep Learning, C, C++, Machine Learning, Computer Science",designing algorithmically optimized machine learning and a data-driven process for detecting and organizing web-based information.,"Springfield University
Bachelor's Degree in Computer Science • Los Angeles, California","Unspecified Dog
North Granby, CT
example@email.com
(555)123-4567
Summary
Innovative, work-driven computer scientist with 6 years of experience designing algorithmically optimized machine learning and a data-driven process for detecting and organizing web-based information.
Education
Springfield University
Bachelor's Degree in Computer Science • Los Angeles, California
Skills
Calculus, Communication Skills, Deep Learning, C, C++, Machine Learning, Computer Science
Experience
New way Tech
January 2020 - Present
Computer Scientist • Los Angeles, California
Researched & implemented complex algorithms for analysis of web traffic to detect and prevent attack vectors
Created an automated system in Python which utilized data from thousands of internal and external sources, effectively building a large graph database
Designed a new data-center infrastructure to support peak traffic loads and reduce the number of machines required
Delivered a 10% reduction in overall time to solution
Recruited a team of 3 new employees and trained them in Linux administration, by developing an automated system to install and maintain Linux servers
Turing
February 2018
computer scientist • Los Angeles, California
Developed quantitative models that improved the understanding of advanced algorithm design techniques and algorithms
Designed a parallelized search engine for searching large amounts of data efficiently, improving speed of a site by 25%
Designed and implemented a data pipeline to convert data from multiple sources into a single system, improving our data integration by 25%
Implemented a complex system of automated web scraping and data analysis tools to collect unstructured text data from more than 80 million web pages
Designed and implemented a real-time analytics and visualizations dashboard for the CTO to track key metrics and projects.
Transitioned from a position in software engineering to a position in information technology
Warguay
February 2016
Computer Scientist • Los Angeles, California
Designed and implemented a custom database management system for the company, saving $20k per month in IT costs
Created a statistical tool to analyze all relevant data in real-time with data destruction capabilities
Created a new client order portal to streamline customer service and order management
Maintained a collaborative development environment, allowing new developers to easily work on the same code base as their peers
Created a new web app to track user logins and logouts across all company-owned websites, and implemented a mechanism to prevent unauthorized access
Created a video call feature for internal meetings, increasing collaboration and productivity
Created a new internal tool to measure employee productivity, allowing for more accurate performance reviews and promotions"
resume_10,resume.com,,Unnamed Tiger,Professional and highly trained engineer with 5 years of,"Azure, Communication Skills, Microsoft Office, Linux, Agile, C++, Apis","in creating engineering solutions to complex manufacturing problems. With senior engineering roles, led single-source development teams and implemented lean principles and tools.","Bachelor's Degree in Engineering
Dalton University Orlando, Florida","Unnamed Tiger
example@email.com
(555)123-4567
Bowersville, OH
Summary
Professional and highly trained engineer with 5 years of experience in creating engineering solutions to complex manufacturing problems. With senior engineering roles, led single-source development teams and implemented lean principles and tools.
Education
Bachelor's Degree in Engineering
Dalton University Orlando, Florida
Skills
Azure, Communication Skills, Microsoft Office, Linux, Agile, C++, Apis
Experience
Jablito Industries
June 2019 - Present
Engineer - Orlando, Florida
Researched a new metric for tracking project performance and success, resulting in a 10% increase in projects completed
Performed installation of software and hardware in accordance with specifications
Increased the efficiency of the company's server environment by 42%
Established and maintained a database of all hardware components and software necessary for proper system operation
Maintained detailed knowledge of all project deliverables and contributed to the company's digital and print media by creating television commercials, radio spots and web content
Arrow
October 2017
Test Engineer - Orlando, Florida
Performed quality assurance and testing of applications, ensuring they meet or exceed requirements
Utilized automated test tools to reduce regression testing by 30%
Improved application performance by 20% through increased utilization of database indexes and stored procedures
Developed training materials to provide technical support to new employees on the use of the software
Provided technical support for 11 clients, increasing revenue by 20% and increasing customer satisfaction by 25%
Troubleshooted intermittent computing issues, and provided technical support for 12 clients, resulting in a 50% increase in client retention rate
Infra Tech
June 2016
Program Engineer - Orlando, Florida
Began developing a new software application by analyzing the problem, gaining a full understanding of the product and determining the best possible solution
Implemented new software development practices, such as agile product management
Facilitated software testing, integrating 20 new features into the system in 3 months
Established strong relationships with executives and the QA team, resulting in a 40% increase in new customers and a 25% increase in sales"
resume_11,resume.com,Data Analyst,Mystery Cat,Proven and highly skilled data analyst with 7 years of,"Data Analysis Skills, Communication Skills, Power Bi, Microsoft Office, Python, Analysis Skills, Tableau",analyzing and identifying statistical patterns through data interpretation.,"Dalton University
Bachelor's Degree in Computer Science • Las Vegas, Nevada","Mystery Cat
Lancaster, MO
example@email.com
(555)123-4567
Summary
Proven and highly skilled data analyst with 7 years of experience analyzing and identifying statistical patterns through data interpretation.
Education
Dalton University
Bachelor's Degree in Computer Science • Las Vegas, Nevada
Skills
Data Analysis Skills, Communication Skills, Power Bi, Microsoft Office, Python, Analysis Skills, Tableau
Experience
Next Day A/R
October 2019 - Present
Data Analyst • Las Vegas, Nevada
Identified and tracked patterns based on data usage and trends to identify areas for improvement
Created a dashboard and comparisons of two years' worth of data to identify trends and opportunities
Created a test database to test the results of an online survey which was subsequently used to further refine the questionnaire
Performed statistical analysis on the results of the online survey and presented findings to management in a professional manner
Pro Statistic
October 2017
Data Analyst • Las Vegas, Nevada
Collected and analyzed data to identify trends across pertinent industries and markets
Collaborated with management to maintain and improve accounting software to include sales, inventory and forecasts
Created an ongoing program that tracked recurring expenses in real-time to understand and ultimately decrease costs
Created a monthly report for management detailing performance against key metrics for the month
Created a new product for the company and developed a mobile app to enhance communication with customers
Designed and implemented a new website for the company
Affinity
June 2016
Customer Service Representative • Las Vegas, Nevada
Handled over 1,000 customer queries per month, averaging 8 customer interactions per day
Handled over 200 customer complaints per month and resolved all issues in an average of 3 hours
Reported to the District Manager, eliciting his feedback regarding how to improve in performance and attaining a $50,000 bonus
Handled over 800 customer requests by responding to the phone, email or in person
Unveiled a new customer satisfaction program that increased the number of customer complaints resolved by 25%"
resume_12,resume.com,Web Developer,Nameless Penguin,Able front end developer with 5 years of,"Communication Skills, Javascript, Css, Typescript, Html5, Node.Js, Apis","designing and building web-based tools, working with development frameworks like AngularJS, Bootstrap and HTML5.","Springfield University
Bachelor's Degree in Computer Science • Chicago, Illinois","Nameless Penguin
Germantown, KY
example@email.com
(555)123-4567
Summary
Able front end developer with 5 years of experience designing and building web-based tools, working with development frameworks like AngularJS, Bootstrap and HTML5.
Education
Springfield University
Bachelor's Degree in Computer Science • Chicago, Illinois
Skills
Communication Skills, Javascript, Css, Typescript, Html5, Node.Js, Apis
Experience
Cloud Code
October 2019 - Present
Front End Developer • Chicago, Illinois
Implemented new website features including conditional logic, data filters and pricing models
Improved our global search engine ranking by +200 by implementing Google’s Page Speed toolkit
Increased revenue through upsells and cross-selling
Improved customer satisfaction score by +24% (based on performance metrics)
Performed statistical analyses for reports and projects relating to potentially sensitive information loss, such as business strategies and clients
Organized and maintained data for all employees, including employee data, contact information and skills
Supervised the assistance of 3 new employees
Pixel Digit
November 2017
Front-End Web Developer • Chicago, Illinois
Developed new web and mobile applications that have been deployed across multiple platforms
Responsible for the design and maintenance of the company's website, including marketing site, promotional site, blog, sales site and customer service site
Repaired and maintained all company websites in a timely manner
Managed a team of 4 front-end developers and designers
Created new applications from scratch using HTML, CSS and JavaScript
Responsible for maintaining all company websites in a timely manner
Wiredwaves
September 2016
Front End Developer • Chicago, Illinois
Built, maintained and integrated the company's new website for a cost savings of $5,000
Was responsible for the creation of more than 5,500 lines of code, a new PHP framework, and a new front-end UI framework to create a new responsive website
Created and maintained new tools, including a new CMS, a new file management system and a new workflow system
Converted the old website from HTML to a new responsive HTML5 framework"
resume_13,resume.com,IT Support,Unspecified Bird,Hardworking IT support professional with 5 years of,"Tcp, Customer Service, Windows, Help Desk, Active Directory, Computer Networking, Software Troubleshooting","providing IT support for multiple clients, accompanied by an excellent track record of solving complex computer problems.
Experience
IT Support
Nerd Support • Los Angeles, California
August 2020 - Present
Conducted a full-scope IT audit, which identified an increase of $500k in efficiency and revenue by implementing a new web portal
Performed regular system maintenance and upgrades on the hardware and software infrastructure, resulting in a $300k increase in revenue
Utilized a web-based training and remote-access platform to train staff members on new products and processes, increasing staff efficiency by 20%
Managed a team of two IT Support Engineers, each with a specific expertise, resulting in a 20% decrease in support calls
Increased the efficiency of the customer service department by 10%, resulting in a 4% increase in revenue
Maintained a database of all hardware and software needed at any given time for staff members to assist with technical issues
IT Administrator
Big Job • Los Angeles, California
June 2019
Designed and implemented a new company-wide IT system, resulting in a 10% reduction in time spent on data entry and reporting
Developed and implemented a user-friendly, modern dashboard, which included a reporting dashboard for financial departments as well as an enterprise-wide searchable inventory database
Managed the daily IT operation for multiple departments, ensuring all equipment was working properly
Coordinated IT projects with internal IT staff, including project management, development, support and security
Maintained a knowledge base of approximately 1,000 IT-related articles, whitepapers and books, and made recommendations based on his experience and knowledge to improve IT operations for the company
Systems Administrator
NDST • Los Angeles, California
April 2018
Implemented a new server, network and data center management system
Configured and maintained a new server cluster, virtual machines and networks
Installed new firewalls and IDS systems
Designed and set up a new server for the company's metrics reporting program
Created a Windows Server Workstation Maintenance Plan to monitor and maintain the company's server infrastructure","Bachelor's Degree in Computer Science
Zirkel College • Los Angeles, California","Unspecified Bird
example@email.com
(555)123-4567
Brandamore, PA
Summary
Hardworking IT support professional with 5 years of experience providing IT support for multiple clients, accompanied by an excellent track record of solving complex computer problems.
Experience
IT Support
Nerd Support • Los Angeles, California
August 2020 - Present
Conducted a full-scope IT audit, which identified an increase of $500k in efficiency and revenue by implementing a new web portal
Performed regular system maintenance and upgrades on the hardware and software infrastructure, resulting in a $300k increase in revenue
Utilized a web-based training and remote-access platform to train staff members on new products and processes, increasing staff efficiency by 20%
Managed a team of two IT Support Engineers, each with a specific expertise, resulting in a 20% decrease in support calls
Increased the efficiency of the customer service department by 10%, resulting in a 4% increase in revenue
Maintained a database of all hardware and software needed at any given time for staff members to assist with technical issues
IT Administrator
Big Job • Los Angeles, California
June 2019
Designed and implemented a new company-wide IT system, resulting in a 10% reduction in time spent on data entry and reporting
Developed and implemented a user-friendly, modern dashboard, which included a reporting dashboard for financial departments as well as an enterprise-wide searchable inventory database
Managed the daily IT operation for multiple departments, ensuring all equipment was working properly
Coordinated IT projects with internal IT staff, including project management, development, support and security
Maintained a knowledge base of approximately 1,000 IT-related articles, whitepapers and books, and made recommendations based on his experience and knowledge to improve IT operations for the company
Systems Administrator
NDST • Los Angeles, California
April 2018
Implemented a new server, network and data center management system
Configured and maintained a new server cluster, virtual machines and networks
Installed new firewalls and IDS systems
Designed and set up a new server for the company's metrics reporting program
Created a Windows Server Workstation Maintenance Plan to monitor and maintain the company's server infrastructure
Skills
Tcp, Customer Service, Windows, Help Desk, Active Directory, Computer Networking, Software Troubleshooting
Education
Bachelor's Degree in Computer Science
Zirkel College • Los Angeles, California"
resume_14,resume.com,Data Scientist,Unknown Dog,Computer science intern with 4 years of,"Microsoft Office, Computer Science, Machine Learning, Ai, Microsoft Excel, Python, Sql","in designing and implementing web-based interactive applications. Highly proficient in Ruby on Rails.
Experience
Arc Digital | Nevada, Las Vegas
Data Science Intern | August 2020 - Present
Created new data science training materials and led the training of 2 new data scientists
Performed a data science analysis for a new technology initiative, identifying an additional 10% of potential revenue to be added in year 1
Performed an in-depth analysis of data for a new client, finding that their current data analysis was inaccurate by 15%
Performed a high-level analysis of three years of sales data, finding that a new sales channel would result in an additional $150k in revenue
Performed an analysis of email marketing data, discovering that certain audiences would increase their online revenue by 30%
Researched the usage of predictive analytics and found that certain datasets could be leveraged to improve business operations and increase revenue by 10%
Recorded customer complaints and resolved issues within 48 hours, resulting in a 45% reduction in customer complaints
Achieved a 12% net increase in revenue due to optimization of the business process and information technology department
Eless Analytics University | Nevada, Las Vegas
Data Science Intern | June 2019
Worked on a project to develop solutions for data quality issues, which resulted in a 15% reduction in the number of errors
Developed a web scraper that was responsible for 1,000 daily downloads of company data
Researched and analyzed database usage patterns to determine data accuracy and performance trends
Built a web application to track internal customer interactions
Collected and analyzed data on 3,000 customer interactions a day to gain a better understanding of customer trends
Compiled data on 45,000 customers to identify marketing opportunities and increase retention rates
Data Tech Intern | Nevada, Las Vegas
Data Science Intern | August 2017
Created a data warehouse of a client's customer base through the web scraping of personal finance websites
Took the data from these websites and joined it with other client data, resulting in a better understanding of customer behavior
Created a series of interactive graphs, including bar charts, line graphs and clustered bar charts
Created a set of data analysis tools for data visualization and manipulation
Created a presentation using a dynamic Venn Diagram to analyze an overall customer behavior pattern
Created a set of data visualization tools and a website for data analysis and visualization
Created a Bayesian Network to better understand a specific business decision
Created a data visualization tool for mining data, including a user interface that shows one's progress and the details of each node of the network
Designed a set of tools for summarizing and visualizing client data","Springfield University | Las Vegas, Nevada
Bachelor's Degree in Computer Science","Unknown Dog
Manchester, NH | (555)123-4567
example@email.com
Summary
Computer science intern with 4 years of experience in designing and implementing web-based interactive applications. Highly proficient in Ruby on Rails.
Experience
Arc Digital | Nevada, Las Vegas
Data Science Intern | August 2020 - Present
Created new data science training materials and led the training of 2 new data scientists
Performed a data science analysis for a new technology initiative, identifying an additional 10% of potential revenue to be added in year 1
Performed an in-depth analysis of data for a new client, finding that their current data analysis was inaccurate by 15%
Performed a high-level analysis of three years of sales data, finding that a new sales channel would result in an additional $150k in revenue
Performed an analysis of email marketing data, discovering that certain audiences would increase their online revenue by 30%
Researched the usage of predictive analytics and found that certain datasets could be leveraged to improve business operations and increase revenue by 10%
Recorded customer complaints and resolved issues within 48 hours, resulting in a 45% reduction in customer complaints
Achieved a 12% net increase in revenue due to optimization of the business process and information technology department
Eless Analytics University | Nevada, Las Vegas
Data Science Intern | June 2019
Worked on a project to develop solutions for data quality issues, which resulted in a 15% reduction in the number of errors
Developed a web scraper that was responsible for 1,000 daily downloads of company data
Researched and analyzed database usage patterns to determine data accuracy and performance trends
Built a web application to track internal customer interactions
Collected and analyzed data on 3,000 customer interactions a day to gain a better understanding of customer trends
Compiled data on 45,000 customers to identify marketing opportunities and increase retention rates
Data Tech Intern | Nevada, Las Vegas
Data Science Intern | August 2017
Created a data warehouse of a client's customer base through the web scraping of personal finance websites
Took the data from these websites and joined it with other client data, resulting in a better understanding of customer behavior
Created a series of interactive graphs, including bar charts, line graphs and clustered bar charts
Created a set of data analysis tools for data visualization and manipulation
Created a presentation using a dynamic Venn Diagram to analyze an overall customer behavior pattern
Created a set of data visualization tools and a website for data analysis and visualization
Created a Bayesian Network to better understand a specific business decision
Created a data visualization tool for mining data, including a user interface that shows one's progress and the details of each node of the network
Designed a set of tools for summarizing and visualizing client data
Skills
Microsoft Office, Computer Science, Machine Learning, Ai, Microsoft Excel, Python, Sql
Education
Springfield University | Las Vegas, Nevada
Bachelor's Degree in Computer Science"
resume_15,resume.com,Data Scientist,Incognito Giraffe,Passionate data scientist with 6 years of,"Regression Analysis, Machine Learning, Spark, Sas, Python, Aws, Ai",in different areas of data mining and statistical analysis. Fully qualified for applying machine learning techniques to real-world problems.,"Zirkel College
Master's Degree in Computer Science • Los Angeles, California","Incognito Giraffe
Casa Blanca, NM
example@email.com
(555)123-4567
Summary
Passionate data scientist with 6 years of experience in different areas of data mining and statistical analysis. Fully qualified for applying machine learning techniques to real-world problems.
Education
Zirkel College
Master's Degree in Computer Science • Los Angeles, California
Skills
Regression Analysis, Machine Learning, Spark, Sas, Python, Aws, Ai
Experience
Expert Computer Services
April 2019 - Present
Data Scientist • Los Angeles, California
Identified, designed and implemented a web scraping, data extraction and reporting service for the company that saved the company $100k annually
Translated multiple languages and prepared data for analysis in Excel spreadsheets, with the assistance of 7 translators and 6 support staff
Created a database of all published research, papers and presentations, increasing research output by 20%
Collaborated with the lead researcher in a collaborative research project involving data science, applied mathematics and machine learning
Helped the company implement new data mining techniques such as Bayesian network inference and neural network classification, resulting in a 30% increase in classification accuracy
Developed an automated survey program for gaining feedback from customers, which resulted in a 10% increase in customer feedback volume.
I
May 2017
Data Scientist • Los Angeles, California
Developed algorithms using machine learning and data mining techniques for data analysis and reporting
Created self-service tools for data analysis and reporting
Utilized text analysis, frequency analysis and sentiment analysis to produce reports with 66% accuracy
Created a web application that reports on the current state of the IT infrastructure, allowing for easier maintenance and improvement of the system
Created a business intelligence system for the company's performance and growth
Worked with 3 other team members to create a data visualization tool for internal use
East-West Digital Data
November 2015
Data Scientist • Los Angeles, California
Performed data analysis for studies related to sports, traffic and customer activation
Created infrastructure for data analysis, creating a new system to track daily metrics to analyze the effectiveness of sales channel strategies
Created a process to track marketing campaigns and generate reports, increasing the effectiveness of marketing campaigns by 6% within a month
Created a statistical model to predict brand performance based on consumer behavior
Created a tool to identify new sales opportunities and measure the impact on sales, increasing revenue by $100k
Performed data analysis for a customer retention study, identifying 14% in-store customer satisfaction from a sample of 120 customers
Created a website to track daily sales metrics, determining weekly sales by category and generating reports on weekly sales"
resume_16,resume.com,,Nameless Wolf,Leader with,"C, Autocad, Microsoft Office, Linux, Communication Skills, Microsoft Word, Microsoft Excel","in delivering robust and reliable software applications and systems for customer-facing departments in various industries. Strong experience in the use of C++, Java, MongoDB/Hive and Python; demonstrated leadership abilities utilizing the model-view controller architecture. Expertise in developing workable solutions to technical challenges by leveraging data analytics and visualization tools including Matlab, SQL and Tableau.
Experience
Next Gen Technology | Nevada, Las Vegas
Entry Level Engineer | February 2020 - Present
Developed an interactive employee engagement tool for employee screening and employee recruitment purposes
Assisted in the implementation of a new company-wide application platform, resulting in a 30% reduction in the number of bugs reported
Maintained a database of best practices for new software development projects, which helped increase the efficiency of the company by 50%
Created an interactive training program designed to teach employees how to install and maintain complex hardware and software solutions
Collaborated with sales and IT staff to implement systems to track and manage production costs
Worked closely with the CTO to develop a new API framework and soft-skill training program for increased collaboration between engineers and product managers
Big Tech Solutions | Nevada, Las Vegas
Entry Level Engineer | June 2018
Created a new project focusing on embedded device security
Designed a custom program to help automate and manage the security process
Developed a new product that would help automate data security
Created a security document for new team members
Sandwich | Nevada, Las Vegas
Entry Level Engineer | July 2016
Participated in the creation of a prototype application to increase sales by 2000%
Designed, built and deployed a prototype product that increased sales by 200% and improved customer retention rates by 8%
Performed data vulnerability assessments and helped remediate, analyze reports on system vulnerabilities
Researched and implemented Unix and Linux command line tools for system administration
Created a command line interface for a customer's HTTP APIs","Zirkel College | Las Vegas, Nevada
Bachelor's Degree in Engineering","Nameless Wolf
Washington, DC | (555)123-4567
example@email.com
Summary
Leader with experience in delivering robust and reliable software applications and systems for customer-facing departments in various industries. Strong experience in the use of C++, Java, MongoDB/Hive and Python; demonstrated leadership abilities utilizing the model-view controller architecture. Expertise in developing workable solutions to technical challenges by leveraging data analytics and visualization tools including Matlab, SQL and Tableau.
Experience
Next Gen Technology | Nevada, Las Vegas
Entry Level Engineer | February 2020 - Present
Developed an interactive employee engagement tool for employee screening and employee recruitment purposes
Assisted in the implementation of a new company-wide application platform, resulting in a 30% reduction in the number of bugs reported
Maintained a database of best practices for new software development projects, which helped increase the efficiency of the company by 50%
Created an interactive training program designed to teach employees how to install and maintain complex hardware and software solutions
Collaborated with sales and IT staff to implement systems to track and manage production costs
Worked closely with the CTO to develop a new API framework and soft-skill training program for increased collaboration between engineers and product managers
Big Tech Solutions | Nevada, Las Vegas
Entry Level Engineer | June 2018
Created a new project focusing on embedded device security
Designed a custom program to help automate and manage the security process
Developed a new product that would help automate data security
Created a security document for new team members
Sandwich | Nevada, Las Vegas
Entry Level Engineer | July 2016
Participated in the creation of a prototype application to increase sales by 2000%
Designed, built and deployed a prototype product that increased sales by 200% and improved customer retention rates by 8%
Performed data vulnerability assessments and helped remediate, analyze reports on system vulnerabilities
Researched and implemented Unix and Linux command line tools for system administration
Created a command line interface for a customer's HTTP APIs
Skills
C, Autocad, Microsoft Office, Linux, Communication Skills, Microsoft Word, Microsoft Excel
Education
Zirkel College | Las Vegas, Nevada
Bachelor's Degree in Engineering"
resume_17,resume.com,Web Developer,Nameless Wolf,"Fast-paced, creative web developer with 6 years of","Communication Skills, Git, Sql, Css, Javascript, Jquery, Html5","with extensive knowledge of HTML, CSS, JavaScript, XHTML, JQuery, PHP and other web programming languages. Strong proficiency in visual design and user interface design.
Experience
Zomby Wolf | Los Angeles, California
Web Developer | January 2019 - Present
Developed and maintained a development platform for managing online stores, with a custom in-house CMS, marketing automation, analytics and social media
Implemented a DevOps methodology for continuous deployment, allowing for multiple developers and business teams to collaborate and release changes simultaneously
Ran project meetings and assigned tasks to specialized teams and project managers to ensure smooth communication and execution
Created a customer relationship management system for tracking email and web-based sales leads
Created a website for the company that included a custom domain, video, product imagery and integrated email marketing
Implemented online surveys to collect customer feedback and track satisfaction, which resulted in a 35% increase in online sales
Created a system for tracking customer orders from receipt to delivery
Designed and compiled data for monthly reports that prioritize and track progress on initiatives, such as website performance, digital marketing and social media
What Does the Wind Blow | Los Angeles, California
Web Developer | September 2017
Built a new website that focused on improving customer satisfaction, increasing user engagement and maximizing customer retention
Designed a new system of internal and external reports for senior management, including key metrics and analytics
Improved functionality and usability of a video chat system by implementing new features, such as video recording, audio calling and video conferencing
Implemented a full audit of all back-end systems and developed a plan for remediation
Developed an application to allow the company to accept and complete credit card payments online
Busy Bee | Los Angeles, California
Web Developer | January 2016
Maintained custom websites for 12 different clients
Designed and developed a new website for a client
Helped improve the speed of search engine optimization and designed an interactive landing page for client
Created a new website for a client
Helped build a social media program for client
Designed and built a new website for a client","Krebs Mountain College | Los Angeles, California
Bachelor's Degree in Computer Science","Nameless Wolf
(555)123-4567 | example@email.com | West Brooklyn, IL
Summary
Fast-paced, creative web developer with 6 years of experience with extensive knowledge of HTML, CSS, JavaScript, XHTML, JQuery, PHP and other web programming languages. Strong proficiency in visual design and user interface design.
Experience
Zomby Wolf | Los Angeles, California
Web Developer | January 2019 - Present
Developed and maintained a development platform for managing online stores, with a custom in-house CMS, marketing automation, analytics and social media
Implemented a DevOps methodology for continuous deployment, allowing for multiple developers and business teams to collaborate and release changes simultaneously
Ran project meetings and assigned tasks to specialized teams and project managers to ensure smooth communication and execution
Created a customer relationship management system for tracking email and web-based sales leads
Created a website for the company that included a custom domain, video, product imagery and integrated email marketing
Implemented online surveys to collect customer feedback and track satisfaction, which resulted in a 35% increase in online sales
Created a system for tracking customer orders from receipt to delivery
Designed and compiled data for monthly reports that prioritize and track progress on initiatives, such as website performance, digital marketing and social media
What Does the Wind Blow | Los Angeles, California
Web Developer | September 2017
Built a new website that focused on improving customer satisfaction, increasing user engagement and maximizing customer retention
Designed a new system of internal and external reports for senior management, including key metrics and analytics
Improved functionality and usability of a video chat system by implementing new features, such as video recording, audio calling and video conferencing
Implemented a full audit of all back-end systems and developed a plan for remediation
Developed an application to allow the company to accept and complete credit card payments online
Busy Bee | Los Angeles, California
Web Developer | January 2016
Maintained custom websites for 12 different clients
Designed and developed a new website for a client
Helped improve the speed of search engine optimization and designed an interactive landing page for client
Created a new website for a client
Helped build a social media program for client
Designed and built a new website for a client
Skills
Communication Skills, Git, Sql, Css, Javascript, Jquery, Html5
Education
Krebs Mountain College | Los Angeles, California
Bachelor's Degree in Computer Science"
resume_2,resume.com,Java Developer,Anonymous Bird,Hardworking java developer with 4 years of,"Oracle, Communication Skills, Angular, Hibernate, Aws, Apis, J2Ee","in creating efficient applications and building high-performance systems, accompanied by a proven track record of customer support.
Experience
Google
Java Developer, Chicago, Illinois
June 2020 - Present
Produced custom applications, frameworks and components to solve unique business problems
Designed new features for existing applications and implemented them into production
Determined the best programming languages and tools to use for future projects and provided recommendations for tool selection
Created a software development process and team workflow to ensure future development projects are built in a repeatable, efficient and reliable fashion
Spark Tech
Sr Java/J2Ee Developer, Chicago, Illinois
March 2019
Optimized the development of new web applications to reduce development time by 30%
Increased the number of active users on the website by 60% and increased page views to 1.5 million page views per month
Created an inventory management system that reduced the time to capture data by 80% and reduced the number of errors by 40%
Managed developers to ensure they were delivering new features on time and with high quality
Assisted a team of 2 developers in the development of a mobile application for the company's website
Supported the development of a series of new web applications for the company's business unit
Implemented a new process for the development of a new web application
IT Experts
Sr. Java Developer, Chicago, Illinois
March 2017
Extracted and analyzed data sets from the previous year's analytics reports
Designed a new data model and database schema to meet the needs of the business, optimizing the company's processes and cost structure
Developed a survey among customers to better understand their requirements and improve their digital experience
Identified opportunities for new products and services by assessing industry trends, competitor analysis and customer feedback","Bachelor's Degree in Computer Science
Lourdes Western University, Chicago, Illinois","Anonymous Bird
(555)123-4567
example@email.com
Ridgefield, WA
Summary
Hardworking java developer with 4 years of experience in creating efficient applications and building high-performance systems, accompanied by a proven track record of customer support.
Experience
Google
Java Developer, Chicago, Illinois
June 2020 - Present
Produced custom applications, frameworks and components to solve unique business problems
Designed new features for existing applications and implemented them into production
Determined the best programming languages and tools to use for future projects and provided recommendations for tool selection
Created a software development process and team workflow to ensure future development projects are built in a repeatable, efficient and reliable fashion
Spark Tech
Sr Java/J2Ee Developer, Chicago, Illinois
March 2019
Optimized the development of new web applications to reduce development time by 30%
Increased the number of active users on the website by 60% and increased page views to 1.5 million page views per month
Created an inventory management system that reduced the time to capture data by 80% and reduced the number of errors by 40%
Managed developers to ensure they were delivering new features on time and with high quality
Assisted a team of 2 developers in the development of a mobile application for the company's website
Supported the development of a series of new web applications for the company's business unit
Implemented a new process for the development of a new web application
IT Experts
Sr. Java Developer, Chicago, Illinois
March 2017
Extracted and analyzed data sets from the previous year's analytics reports
Designed a new data model and database schema to meet the needs of the business, optimizing the company's processes and cost structure
Developed a survey among customers to better understand their requirements and improve their digital experience
Identified opportunities for new products and services by assessing industry trends, competitor analysis and customer feedback
Skills
Oracle, Communication Skills, Angular, Hibernate, Aws, Apis, J2Ee
Education
Bachelor's Degree in Computer Science
Lourdes Western University, Chicago, Illinois"
resume_3,resume.com,Java Developer,Nameless Bird,"Able to work in a team environment and identify issues and make recommendations, analyze issues and find solutions, with 6 years of","Rest, Sql, Communication Skills, Git, Oracle, Python, Java",as a Java developer using the Spring Framework.,"Zirkel College
Bachelor's Degree in Computer Science • Houston, Texas","Nameless Bird
Berkeley, CA
example@email.com
(555)123-4567
Summary
Able to work in a team environment and identify issues and make recommendations, analyze issues and find solutions, with 6 years of experience as a Java developer using the Spring Framework.
Education
Zirkel College
Bachelor's Degree in Computer Science • Houston, Texas
Skills
Rest, Sql, Communication Skills, Git, Oracle, Python, Java
Experience
Koala Basement
May 2019 - Present
Developer • Houston, Texas
Created search engine optimization scripts to increase the number of daily searches for a 100% increase in organic search traffic
Developed an advanced analytics program that increased the accuracy of the predictive model by 40%
Created and maintained a web application for tracking sales trends and leads
Implemented a new web application for monitoring and analysis of customer relationships, resulting in a 20% increase in customer retention
Created a mobile app to track customer service metrics and provide customer service feedback
Aem Development
December 2017
Aem Developer • Houston, Texas
Designed and implemented a customer service system that allowed for the tracking of customer orders, shipping details and payment information through a mobile app
Updated the software to allow for greater customization of the customer experience and increased the number of phone calls handled per hour by 50%
Developed a prototyping strategy and created a working prototype of a new customer order interface
Researched and implemented new features to the existing code base, resulting in 5.8% increase in sales
Streamlined IT operations processes through the use of DevOps, eliminating the need for manual intervention for maintenance and upgrades
Mathworks
December 2015
Mulesoft Developer • Houston, Texas
Created a new API for a new service, increasing usage by over 50% within the first month
Stored tens of thousands of user-generated data points per day and analyzed them with custom metrics to determine the best user experience
Adhered to a strict time and budgeting structure while maintaining an average of 5 iterations per day for each project
Proactively identified and reported security vulnerabilities in the most used services, resulting in 12 CVEs and 2 patches
Created a custom dashboard for monitoring performance, uptime and alerting thresholds to ensure a 97% SLA"
resume_4,resume.com,Software Engineer,Unnamed Dog,Devops professional with 5 years of,"Linux, Shell Scripting, Java, Kubernetes, Aws, Ansible, Python","in providing IT infrastructure management for distributed deployments, and leading virtual machine provisioning, configuration and update projects.","Krebs Mountain College
Bachelor's Degree in Computer Science • Houston, Texas","Unnamed Dog
Martelle, IA
example@email.com
(555)123-4567
Summary
Devops professional with 5 years of experience in providing IT infrastructure management for distributed deployments, and leading virtual machine provisioning, configuration and update projects.
Education
Krebs Mountain College
Bachelor's Degree in Computer Science • Houston, Texas
Skills
Linux, Shell Scripting, Java, Kubernetes, Aws, Ansible, Python
Experience
Wattlebone Systems
March 2020 - Present
Development Operations Engineer • Houston, Texas
Managed a team of 3 developers to implement and maintain a custom CRM system for the company
Did lead projects for 3 client projects, resolving issues in 2 weeks or less on average
Increased the revenue per customer by 7%
Met with clients and analysts to demonstrate solution's effectiveness, refine user interface and develop new features
Maintained systems and kept operational and technical documentation for client projects
Collaborated with software engineers to create innovative solutions, such as custom dashboards, reporting and integration with third-party ERP and CRM systems
Researched and implemented best practices based on data from company research and reviews of industry and competitor products to increase performance
Perpetual Software
July 2018
Sr. Devops Engineer • Houston, Texas
Implemented a devops process and toolchain that allowed for increased engineering velocity and reduced architectural complexity.
Researched new and emerging technologies to improve the company's overall IT capabilities
Managed the 12+ developers using an Agile methodology, creating a culture of continuous improvement and empowerment
Provided solutions to resolve build and deploy issues that prevented 2,000+ updates from successfully deploying
Researched and deployed new software to meet the company's infrastructure requirements for the new year
Somewhere
October 2016
Sr. Devops/Aws Engineer • Houston, Texas
Implemented a web-based communications portal for all staff members
Maintained close relationships with clients and community at large through social media, email and phone
Created a culture of open communication and transparency by regularly attending staff meetings and keeping all team members informed of important company events
Created a culture of trust and respect by forming and holding regular one-on-one mentoring sessions with team members
Delivered high service levels by maintaining a 95% service level agreement rate during peak times
Increased efficiency by using the latest technologies, including AWS, AWS Lambda, AWS CloudFormation, AWS CodeStar, AWS SDKs, AWS Virtual Private Cloud and more"
resume_5,resume.com,Quality Assurance Engineer,Anonymous Bird,Electrical engineer with strong math background and 4 years of,"C++, Apis, Aws, Java, Computer Networking, Microsoft Excel, Linux",using R programming language to solve challenging business problems. Able to design software for databases and other systems while creating efficient programs.,"Bachelor's Degree in Engineering
Dalton University • Orlando, Florida","Anonymous Bird
example@email.com
(555)123-4567
Dover, NH
Summary
Electrical engineer with strong math background and 4 years of experience using R programming language to solve challenging business problems. Able to design software for databases and other systems while creating efficient programs.
Skills
C++, Apis, Aws, Java, Computer Networking, Microsoft Excel, Linux
Experience
Engineer
Shrubs • Orlando, Florida
August 2020 - Present
Researched and designed a new database structure that solved a critical data management problem, resulting in a 20% reduction in application response time
Created a software component that reduced the use of in-house resources to 15%, resulting in greater efficiency
Designed and implemented an automated production process for a client, resulting in a 30% reduction in time to ship product
Increased productivity and efficiency by 10% through better project management and collaboration with colleagues
Customer Service Representative
Tasty Twister Inc. • Orlando, Florida
March 2019
Recruited, hired, trained and supervised 3 new customer service representatives to support 100 customers per week
Achieved outstanding service ratings for a company-wide program of annual training on cold calls, answering calls with a friendly demeanor and providing a seamless customer service experience
Achieved a 99% customer retention rate through a firm understanding of client needs and a willingness to customize customer service to address their specific needs
Watch Engineer
Citizen Watch Co. • Orlando, Florida
September 2017
Designed, built and maintained an innovative watch that could set multiple time zones and alarms in the hazardous environment of a nuclear power plant
Responsible for the functioning of an automatic control loop, which ensured that the watch's hands adjusted to the correct time zone and the alarm function was set
Worked directly with 3 different teams, from mechanical design engineers to electrical engineers to quality assurance engineers, to ensure that the watch would function as designed
Implemented a new software testing process to ensure that the watch functioned as planned
Accurately tracked and maintained all electronic components within the watch
Education
Bachelor's Degree in Engineering
Dalton University • Orlando, Florida"
resume_6,resume.com,Software Engineer,Mystery Penguin,"Competent software engineer, able to work effectively in a fast-paced, agile environment, and passionate about developing software architecture for primarily web applications.","related to his expertise in mobile POS and payment technologies
Developed and continuously improved an internal knowledge base of best practices for software development
Skills
C, Java, Sdlc, Software Development, Linux, C#, Communication Skills","Software Engineer
BlueTech Software • Los Angeles, California
July 2019 - Present
Researched and created a new application to be used by the company, resulting in a 1.3x increase in sales
Created a new software development framework to develop applications faster and more efficiently
Developed the process of testing and recording the results of the test, thereby increasing the number of tests completed per day by 10%
Developed a new technique for reducing the time it takes to fix crashes by 20%
Web Developer
Mezzanine • Los Angeles, California
May 2018
Developed a collaborative environment for all team members, creating a strong sense of community and empowerment
Designed a new web application to increase collaboration among design, engineering and sales teams, resulting in a 10% increase in revenue in one quarter
Built a custom web application for a major client, successfully delivering an integrated CRM system in just 2 weeks
Maintained a clean, professional and creative web presence for the company to convey the professional image of the organization
Used Adobe InDesign to design, edit and layout the company's print & digital collateral
Software Engineer
Geeks 4 Nerds • Los Angeles, California
October 2016
Designed and implemented a new cloud-based mobile POS platform, resulting in a 50% increase in customer retention
Collaborated with hardware and software development teams to ensure seamless integration of the new POS system
Continued to develop specialty","Bachelor's Degree in Computer Science
Zirkel College • Los Angeles, California","Mystery Penguin
example@email.com
(555)123-4567
Edgar Springs, MO
Summary
Competent software engineer, able to work effectively in a fast-paced, agile environment, and passionate about developing software architecture for primarily web applications.
Experience
Software Engineer
BlueTech Software • Los Angeles, California
July 2019 - Present
Researched and created a new application to be used by the company, resulting in a 1.3x increase in sales
Created a new software development framework to develop applications faster and more efficiently
Developed the process of testing and recording the results of the test, thereby increasing the number of tests completed per day by 10%
Developed a new technique for reducing the time it takes to fix crashes by 20%
Web Developer
Mezzanine • Los Angeles, California
May 2018
Developed a collaborative environment for all team members, creating a strong sense of community and empowerment
Designed a new web application to increase collaboration among design, engineering and sales teams, resulting in a 10% increase in revenue in one quarter
Built a custom web application for a major client, successfully delivering an integrated CRM system in just 2 weeks
Maintained a clean, professional and creative web presence for the company to convey the professional image of the organization
Used Adobe InDesign to design, edit and layout the company's print & digital collateral
Software Engineer
Geeks 4 Nerds • Los Angeles, California
October 2016
Designed and implemented a new cloud-based mobile POS platform, resulting in a 50% increase in customer retention
Collaborated with hardware and software development teams to ensure seamless integration of the new POS system
Continued to develop specialty skills related to his expertise in mobile POS and payment technologies
Developed and continuously improved an internal knowledge base of best practices for software development
Skills
C, Java, Sdlc, Software Development, Linux, C#, Communication Skills
Education
Bachelor's Degree in Computer Science
Zirkel College • Los Angeles, California"
resume_7,resume.com,Business Analyst,Incognito Cat,"Thorough, patient and well-organized business analyst with 4 years of",and ability to troubleshoot and provide creative solutions.,using business intelligence and data visualization tools to create actionable reports. Excellent communication,"Bachelor's Degree in Computer Science
Dalton University, Los Angeles, California","Incognito Cat
(555)123-4567
example@email.com
Irving, TX
Summary
Thorough, patient and well-organized business analyst with 4 years of experience using business intelligence and data visualization tools to create actionable reports. Excellent communication skills and ability to troubleshoot and provide creative solutions.
Experience
Good Technology
Business Analyst, Los Angeles, California
August 2020 - Present
Improved customer retention by 20% year-over-year through an improved customer service strategy
Generated increased revenue through a cost-effective new product development process
Improved sales by 30% through a data driven marketing strategy
Established new training methods for internal staff members and customers (e.g. improved customer service, data entry and documentation)
Maintained thorough knowledge of company products and services, increasing sales by $10,000 through upsells and answering customer questions
Trained 3 new employees in customer service script recitation, conflict resolution and data entry practices
Increased sales by 25% through the implementation of a new CRM system
Increased revenue by 10% through a data driven marketing strategy
Maintained an accurate database of 16,000 customers, as well as their contact information, by creating a customer newsletter and sending it out weekly
Big Bowl
Office Manager, Los Angeles, California
July 2019
Monitored and updated all systems and software used in the office to ensure optimal performance and user experience
Researched and implemented new office space for the company, identifying new ways to improve workflows
Hired 3 new employees, training them in office procedures and processes
Assisted in the planning and implementation of a new project management software package
Streamlined and improved customer service by responding to 5,000 incoming questions
Big Biz
Business Analyst, Los Angeles, California
November 2017
Developed the process to design and implement a new client relationship management system for our customer
Identified opportunities for growth and reached out to prospects to provide information to help them make the right decision
Stayed in communication with potential clients to help them feel welcome in our community
Operated social media accounts on Facebook, Twitter, LinkedIn and Google+, regularly publishing content about the company to show our customers the value we provide
Assisted in the training of 8 new employees in business analysis and client relationship management techniques
Delivered presentations to internal and external stakeholders
Participated in an annual sales meeting where 4 people from a department attend to receive feedback from the team
Skills
Visio, Sql, Microsoft Office, Analysis Skills, Agile, Communication Skills, Sdlc
Education
Bachelor's Degree in Computer Science
Dalton University, Los Angeles, California"
resume_8,resume.com,Quality Assurance Engineer,Anonymous Dog,Quality assurance specialist with 5 years of,"Agile, Test Automation, Apis, Selenium, Javascript, Python, Analysis Skills","providing quality assurance checks to software and hardware components, accompanied by a proven track record of maintaining a positive working environment.
Experience
Quality Assurance Engineer
Callaghan- Reilly • Los Angeles, California
January 2019 - Present
Ensured complete and accurate documentation of all product testing and processes, resulting in an 80% improvement in defect detection rate
Increased employee satisfaction by developing training materials and conducting monthly staff meetings
Trained, mentored and supported new employees, resulting in a 40% increase in company retention
Developed and maintained a knowledge base of all products and services, increasing the accuracy of product recommendations by 25%
Increased revenue through the recommendation of new best-selling products and increased sales by 20%
Senior QA Engineer
Qwest • Los Angeles, California
October 2017
Designed and implemented QA processes with a focus on defect resolution efficiency
Reviewed and analyzed 5,000+ lines of code patches, identifying and prioritizing those that impacted customer satisfaction
Scored an average of 2.5 points per release based on code quality, testing and bug fixes
Integrated two new application servers designed to decrease the time needed for system adaptation to customer needs
Software QA Engineer
Polar Bear Plumbing • Los Angeles, California
September 2016
Implemented new software development processes and environments to increase software quality and reduce project defects by 30%
Designed and implemented a new continuous integration & delivery (CAD) process that allowed us to retest builds in QA and automate testing
Managed a team of 5 full-time QA engineers and a handful of part-time testers
Designed and built an automated testing framework using Selenium, Python and RSpec","Bachelor's Degree in Computer Science
Krebs Mountain College • Los Angeles, California","Anonymous Dog
example@email.com
(555)123-4567
Axtell, TX
Summary
Quality assurance specialist with 5 years of experience providing quality assurance checks to software and hardware components, accompanied by a proven track record of maintaining a positive working environment.
Experience
Quality Assurance Engineer
Callaghan- Reilly • Los Angeles, California
January 2019 - Present
Ensured complete and accurate documentation of all product testing and processes, resulting in an 80% improvement in defect detection rate
Increased employee satisfaction by developing training materials and conducting monthly staff meetings
Trained, mentored and supported new employees, resulting in a 40% increase in company retention
Developed and maintained a knowledge base of all products and services, increasing the accuracy of product recommendations by 25%
Increased revenue through the recommendation of new best-selling products and increased sales by 20%
Senior QA Engineer
Qwest • Los Angeles, California
October 2017
Designed and implemented QA processes with a focus on defect resolution efficiency
Reviewed and analyzed 5,000+ lines of code patches, identifying and prioritizing those that impacted customer satisfaction
Scored an average of 2.5 points per release based on code quality, testing and bug fixes
Integrated two new application servers designed to decrease the time needed for system adaptation to customer needs
Software QA Engineer
Polar Bear Plumbing • Los Angeles, California
September 2016
Implemented new software development processes and environments to increase software quality and reduce project defects by 30%
Designed and implemented a new continuous integration & delivery (CAD) process that allowed us to retest builds in QA and automate testing
Managed a team of 5 full-time QA engineers and a handful of part-time testers
Designed and built an automated testing framework using Selenium, Python and RSpec
Skills
Agile, Test Automation, Apis, Selenium, Javascript, Python, Analysis Skills
Education
Bachelor's Degree in Computer Science
Krebs Mountain College • Los Angeles, California"
resume_9,resume.com,Software Engineer,Unnamed Kangaroo,Proficient software developer with deep understanding of both technical and business aspects of software development.,"Javascript, Python, Linux, C, Software Development, Java, Agile","d in developing web applications and mobile apps, with emphasis on clean code, maintainability, security and performance.","Bachelor's Degree in Computer Science
Krebs Mountain College • Las Vegas, Nevada","Unnamed Kangaroo
example@email.com
(555)123-4567
Clearfield, KY
Summary
Proficient software developer with deep understanding of both technical and business aspects of software development. Experienced in developing web applications and mobile apps, with emphasis on clean code, maintainability, security and performance.
Skills
Javascript, Python, Linux, C, Software Development, Java, Agile
Experience
Software Engineer
Lupus Studios • Las Vegas, Nevada
February 2019 - Present
Improved the scalability of the product by creating a new product component that completed a full integration test in less than one day
Automated the testing and deployment processes for a new web application to allow for faster release cycles
Led the development of a new product that allowed users to complete tasks on their own by integrating with the Yelp API and the Stripe API
Maintained accurate inventory levels and improved customer service through the implementation of a multi-channel ordering system
Improved profit margins by a 6% increase from cost reductions with minimal increase in staff turnover
Software Engineering Intern
Intern Intern • Las Vegas, Nevada
January 2018
Developed a novel technology platform that enables the company to sell more products and services, saving $300k in annualized costs by eliminating approximately 50% of logistics operations
Conducted 16 interviews over the course of 2 months to hire the 6 best candidates for the software engineering internship program
Collected data and conducted 10 usability tests, redesigning the user experience to increase the number of sales leads generated per month by 13%
Researched and analyzed software engineering intern compensation trends, resulting in an analysis of potential compensation packages
Planned and implemented a webinar series to train 1,000 business owners in the use of the software engineering tools
Software Engineer Intern
T-Ei • Las Vegas, Nevada
January 2016
Designed and implemented a new software application to monitor and improve the customer experience for 7 clients
Placed an order for $5,000 worth of software equipment with a vendor, who promptly delivered on time
Created a prototype to develop a new product idea, which was then further developed by a team as a web application based on PHP and MySQL
Coached and mentored 3 interns in the development of software applications
Upgraded the company's development environment to include Java and MySQL databases
Performed statistical analysis of data in an effort to identify and mitigate business risks
Collated and organized client requirements to develop a 3-year roadmap for new software, networking and IT infrastructure
Developed a user-centered design document for a new software application that will be released in 2 weeks
Education
Bachelor's Degree in Computer Science
Krebs Mountain College • Las Vegas, Nevada"
